Employee ID,Employee Name,Gender,Department,Job Title,Location,Date of Hire,Salary,Performance Score,Attendance %,Training Hours,Promotions Last,Appraisal Date,Manager Name,Tenure (in Years)
EMP0002,Amanda Curtis,Female,Finance,Analyst,San Francisco,25-09-2018,70283,4.86,93.94,43,2,19-01-2025,Brenda Miller,6.7
EMP0003,Linda Hernandez,Male,Finance,Associate,San Francisco,22-03-2016,62540,3.25,88.09,84,1,31-03-2025,Michael Carroll,9.2
EMP0005,Michael Ortiz,Female,Finance,Assistant,New York,02-08-2015,53615,2.22,96.98,77,0,18-01-2025,Dawn Flores DDS,9.8
EMP0007,Janet Herring,Female,Finance,Executive,Boston,06-11-2021,67740,2.14,99.99,53,3,13-12-2024,Jennifer Contreras,3.6
EMP0014,James Bass,Female,Finance,Assistant,Los Angeles,15-09-2018,114454,4.65,95.9,11,3,29-03-2025,Paige Williams,6.7
EMP0017,Tammy Reyes,Female,Finance,Manager,Boston,22-10-2022,100186,3.13,83.08,87,1,01-08-2024,Justin Nguyen,2.6
EMP0019,Tracy Woods,Female,Finance,Executive,Boston,10-07-2016,115725,3.62,77.04,88,0,27-08-2024,Joseph Brooks,8.9
EMP0021,Margaret Reese,Female,Finance,Senior Manager,Boston,04-01-2018,97863,4.82,97.4,103,3,16-07-2024,Tyler Gardner,7.4
EMP0022,Jeffery Smith,Male,Finance,Executive,Los Angeles,13-10-2017,42678,4.71,92.85,107,2,13-06-2024,Nicholas Cherry,7.6
EMP0024,Lee Young III,Female,Finance,Executive,San Francisco,26-06-2017,111368,3.14,89.94,68,3,03-05-2025,Dalton Gonzalez,7.9
EMP0035,John Baker,Male,Finance,Analyst,New York,24-03-2019,85556,3.07,87.06,97,3,11-05-2025,Curtis Bass,6.2
EMP0038,Amy Taylor,Male,Finance,Senior Manager,Boston,28-11-2018,115911,4.66,95.26,106,0,02-06-2024,Julie Mills,6.5
EMP0050,Carolyn Thompson,Male,Finance,Senior Manager,San Francisco,26-01-2020,51934,4.86,98.46,120,3,21-06-2024,Timothy Graves,5.3
EMP0059,Jody Rios,Male,Finance,Executive,San Francisco,25-12-2021,104310,4.15,76.97,79,0,06-01-2025,Sara Moore,3.4
EMP0064,William Moore,Female,Finance,Analyst,Los Angeles,09-06-2018,107833,2.72,97.82,53,0,02-04-2025,Patrick Warner,7
EMP0071,Paul Mckay,Female,Finance,Analyst,Chicago,11-07-2022,101798,3.99,75.93,62,0,27-10-2024,Matthew Day,2.9
EMP0073,Joshua Duran,Female,Finance,Assistant,Los Angeles,07-01-2023,105334,3.17,90,16,0,14-11-2024,Joseph Mitchell,2.4
EMP0076,Patrick Peters,Female,Finance,Senior Manager,New York,03-01-2016,76713,3.51,84.93,18,2,18-02-2025,Lori Caldwell,9.4
EMP0085,Ashley Hayes,Male,Finance,Associate,Boston,03-02-2018,51021,2.73,88.46,49,0,12-03-2025,Andrew Stanley,7.3
EMP0086,Taylor Vaughn MD,Female,Finance,Manager,New York,30-01-2019,115303,3.89,92.78,116,3,10-09-2024,Jessica Vasquez,6.3
EMP0089,Sean Dalton,Male,Finance,Manager,Chicago,23-08-2019,98232,2.18,95.72,119,3,24-02-2025,Jennifer Johnson,5.8
EMP0093,Ricky Harris,Male,Finance,Analyst,New York,11-10-2016,106178,4.81,78.46,44,2,12-04-2025,David Jones,8.6
EMP0095,Lisa Werner,Male,Finance,Manager,Boston,28-04-2022,68591,3.46,79.19,84,1,25-01-2025,Jane Gomez,3.1
EMP0097,Steven Tanner,Female,Finance,Executive,New York,07-12-2016,55836,3.53,91.79,72,1,02-08-2024,Briana Morgan,8.5
EMP0098,Hunter Woods,Male,Finance,Analyst,Los Angeles,26-10-2019,61947,2.79,93.82,28,3,05-10-2024,Jacqueline Tran,5.6
EMP0099,Phyllis Duffy,Female,Finance,Analyst,Boston,30-09-2023,77569,3.07,86.84,116,3,24-05-2025,Sherry Bennett,1.7
EMP0106,Jessica Williams,Male,Finance,Manager,New York,10-04-2018,82223,3.02,84.03,71,0,26-11-2024,Amber Simpson,7.1
EMP0109,Laura Rodriguez,Female,Finance,Executive,Boston,05-09-2020,45445,3.86,98.84,60,0,13-01-2025,Diana Waller DDS,4.7
EMP0110,David Jones,Female,Finance,Manager,Boston,28-05-2019,99524,3.49,82.37,119,3,17-10-2024,Ashley Cooper,6
EMP0111,Timothy Snyder,Female,Finance,Senior Manager,New York,10-04-2022,41324,2.42,99.05,50,3,27-06-2024,Dr. Victoria Gonzalez,3.1
EMP0113,Curtis Woodard,Female,Finance,Executive,Boston,16-09-2021,88784,4.95,88.93,60,1,20-06-2024,Shawn Gordon,3.7
EMP0129,Anthony Kemp,Female,Finance,Manager,San Francisco,10-10-2019,64181,2.4,92.4,116,1,02-05-2025,John Pope,5.6
EMP0131,Mary Mejia,Female,Finance,Associate,Los Angeles,13-02-2019,75379,2.26,92.17,85,2,22-08-2024,Madeline Patel,6.3
EMP0143,Brian Proctor,Male,Finance,Analyst,Boston,18-06-2018,102842,2.06,93.09,59,1,24-06-2024,Kenneth Walker,6.9
EMP0144,David Smith,Female,Finance,Manager,New York,06-11-2016,93490,4.35,82.01,46,3,20-10-2024,Aaron Collins,8.6
EMP0146,David Rich,Female,Finance,Assistant,Chicago,12-03-2021,40893,2.8,76.49,44,3,25-11-2024,Denise Hill,4.2
EMP0149,Suzanne Poole,Male,Finance,Executive,New York,29-07-2023,106787,2.46,90.91,15,3,26-10-2024,Mark Carrillo,1.8
EMP0151,Gina Lane,Male,Finance,Analyst,Chicago,26-11-2023,46333,2.86,97.98,45,0,01-11-2024,Erin Irwin,1.5
EMP0163,Christina Henderson,Male,Finance,Senior Manager,Los Angeles,12-11-2019,88602,3.65,93.7,17,2,19-05-2025,Lisa Lee,5.5
EMP0166,Jessica Gonzalez,Female,Finance,Executive,Los Angeles,04-09-2021,98848,3.09,98.93,94,2,28-09-2024,Carrie Smith,3.7
EMP0179,John Baker,Male,Finance,Analyst,Los Angeles,14-10-2020,61354,2.07,83.43,82,0,01-03-2025,Victor Johnson,4.6
EMP0188,Christopher Bryant,Male,Finance,Executive,Los Angeles,10-06-2017,106894,4.95,81.66,74,2,12-06-2024,Lauren Wheeler,8
EMP0189,Elizabeth Walker,Female,Finance,Senior Manager,Boston,15-09-2019,69471,4.31,81.66,96,1,22-04-2025,Tanya Davis,5.7
EMP0192,Sierra Meadows,Female,Finance,Assistant,Chicago,05-07-2018,61898,2.96,82.06,83,0,07-07-2024,Regina Dalton,6.9
EMP0211,Charles Wilson,Female,Finance,Executive,Boston,17-03-2020,63051,2.64,77.89,116,3,07-02-2025,Peter Miles,5.2
EMP0216,Nathaniel Mccarty,Female,Finance,Executive,Boston,03-05-2021,68663,2.34,87.7,74,0,01-12-2024,Mike Mcguire,4.1
EMP0226,Elizabeth Rivera,Male,Finance,Executive,Boston,29-10-2018,58991,2.02,91.57,51,0,31-01-2025,Maureen Sosa,6.6
EMP0231,Rebecca Gonzalez,Male,Finance,Analyst,New York,17-08-2018,48154,4.53,82.94,48,0,19-02-2025,Spencer Cruz,6.8
EMP0235,Paul Gray,Female,Finance,Associate,Chicago,24-09-2021,101438,2.57,90.31,20,0,16-02-2025,Dawn Wilson,3.7
EMP0237,Brent Weaver,Male,Finance,Senior Manager,San Francisco,07-08-2023,78369,3.2,95.63,84,2,29-08-2024,Ethan Ware,1.8
EMP0238,Heather Herring,Male,Finance,Executive,Boston,09-06-2019,83951,4.56,90.09,105,0,16-04-2025,Steven Henderson,6
EMP0249,Tara Stone,Female,Finance,Analyst,Los Angeles,20-03-2022,81925,3.65,92.63,16,1,17-03-2025,Angie Garrett,3.2
EMP0274,Kenneth Parker,Female,Finance,Senior Manager,New York,04-01-2021,107263,2.84,75.38,106,0,27-01-2025,Joanna Williams,4.4
EMP0275,Rachel Brooks,Male,Finance,Manager,Chicago,26-08-2017,90373,4.39,90.41,55,0,05-06-2024,Nicholas Carter,7.8
EMP0278,Erica Harrison,Female,Finance,Manager,New York,15-02-2018,66826,3.41,97.34,44,0,07-01-2025,Sarah Morrison,7.3
EMP0287,Tiffany Meadows,Male,Finance,Executive,Los Angeles,17-06-2022,59366,3.12,80.67,57,2,28-01-2025,Nicholas Salazar,2.9
EMP0297,Nancy Melton,Male,Finance,Assistant,Los Angeles,19-11-2017,101792,2.66,92.61,56,3,22-03-2025,Craig Welch,7.5
EMP0300,Kelsey Stewart,Female,Finance,Analyst,New York,19-04-2020,92069,2.4,87.79,18,0,05-06-2024,Ryan Vargas,5.1
EMP0306,Timothy Walker,Female,Finance,Senior Manager,Chicago,04-10-2021,102703,3.75,98.39,117,3,03-03-2025,Dawn Love,3.6
EMP0313,Alex King,Female,Finance,Associate,Chicago,03-12-2021,58350,4.83,92,46,2,09-02-2025,Michael Clark,3.5
EMP0315,Morgan Benjamin,Female,Finance,Assistant,Boston,01-06-2015,108669,4.2,94.94,95,0,21-09-2024,Timothy Moore,10
EMP0324,Ricky Browning,Female,Finance,Assistant,Los Angeles,19-05-2017,81471,2.56,84.93,46,0,18-09-2024,Jill Garcia,8
EMP0331,Ashley Ramirez,Female,Finance,Assistant,Los Angeles,15-02-2021,48906,3.63,80.11,70,2,13-12-2024,Bruce Pearson,4.3
EMP0334,Rebecca Mathis,Female,Finance,Executive,San Francisco,02-09-2019,90799,3.74,82.12,117,3,27-03-2025,Taylor Arnold,5.7
EMP0339,Daniel Sims,Male,Finance,Associate,New York,26-04-2022,75101,4.54,80.56,98,1,22-10-2024,Mario Hurst,3.1
EMP0342,Danielle Cantu,Male,Finance,Senior Manager,Boston,25-12-2023,44136,2.92,78.66,101,0,18-08-2024,Sherry Wilson,1.4
EMP0351,Jay Cuevas,Female,Finance,Analyst,Boston,13-01-2016,114958,2.01,76.52,91,1,09-04-2025,James Davies,9.4
EMP0368,Christopher Ingram,Female,Finance,Executive,Los Angeles,08-11-2022,48272,3.41,86.01,94,2,05-03-2025,Christine Smith,2.5
EMP0370,Kenneth Walker,Male,Finance,Analyst,San Francisco,21-04-2022,83985,2.67,80.18,108,2,28-03-2025,Jacob Price,3.1
EMP0380,Andrea Carter,Male,Finance,Associate,Boston,03-07-2021,109878,3.48,77.29,14,3,24-01-2025,Heather Weber,3.9
EMP0381,Tara Lopez,Male,Finance,Senior Manager,Chicago,06-12-2018,99637,3.78,99.2,96,1,23-06-2024,Amber Jackson,6.5
EMP0392,Elizabeth Russell,Female,Finance,Analyst,New York,07-05-2016,93839,4.05,83.39,118,1,03-02-2025,Isaac Browning,9.1
EMP0394,Deborah Dean MD,Female,Finance,Senior Manager,Boston,08-06-2021,115887,3.06,79.65,116,0,21-07-2024,Sean Harmon,4
EMP0397,Dr. Brandon Williams Jr.,Female,Finance,Senior Manager,San Francisco,16-06-2018,69490,3.02,85.11,92,3,13-10-2024,Christine Poole,6.9
EMP0400,James Medina,Male,Finance,Executive,Boston,09-03-2017,104699,4.77,95.97,70,3,23-10-2024,Kenneth King,8.2
EMP0404,Sandra Joseph,Female,Finance,Assistant,Los Angeles,13-04-2020,103301,2.45,82.75,120,0,04-12-2024,Pamela Rose,5.1
EMP0405,Allen Kelley,Male,Finance,Manager,San Francisco,01-04-2016,73889,4.73,87.48,53,1,11-03-2025,Shane Davis DVM,9.2
EMP0408,Evan Stanley,Female,Finance,Associate,Boston,05-09-2018,76684,4.03,87.4,36,3,10-08-2024,Nicholas Robinson,6.7
EMP0409,Charles Smith,Male,Finance,Senior Manager,Los Angeles,28-06-2016,66913,3.96,96.48,85,2,17-03-2025,Michael Mccoy,8.9
EMP0418,David Shaffer,Male,Finance,Executive,New York,27-10-2021,94586,2.46,81.18,75,2,04-10-2024,Matthew Melton,3.6
EMP0419,John Bailey,Female,Finance,Analyst,Chicago,13-07-2023,84261,4.52,78.26,55,1,09-05-2025,Jennifer Duncan,1.9
EMP0425,Alice Joseph,Female,Finance,Associate,Chicago,13-12-2021,49600,4.85,91.44,113,0,02-01-2025,Matthew Werner,3.4
EMP0434,Nicole Bell,Male,Finance,Executive,Chicago,20-09-2023,110650,3.31,96.86,114,0,11-09-2024,Lisa Prince,1.7
EMP0435,Aaron Jenkins,Female,Finance,Associate,Boston,14-02-2021,109459,2.38,97.86,28,0,23-04-2025,Albert Johnston,4.3
EMP0440,Jason Robinson,Male,Finance,Senior Manager,Los Angeles,22-02-2020,99823,4.69,87.62,110,3,03-06-2024,Daniel Newman,5.3
EMP0442,Dana Smith,Male,Finance,Manager,Boston,22-09-2015,115175,4.85,98.53,80,2,30-03-2025,Amanda Spencer,9.7
EMP0449,Noah Murray,Female,Finance,Manager,Boston,20-02-2021,59762,2.57,85.7,55,0,13-10-2024,Nicole Young,4.3
EMP0469,Jacob Adams,Male,Finance,Associate,Los Angeles,11-10-2016,109823,2.9,98.77,31,1,14-02-2025,Charlene White,8.6
EMP0485,Jacob Robinson,Female,Finance,Associate,Boston,01-06-2017,107772,2.97,98,22,3,10-03-2025,Anna Benton,8
EMP0023,Amanda Moore,Male,HR,Associate,Los Angeles,15-02-2024,52832,4.82,81.03,26,0,29-03-2025,Brian Vang,1.3
EMP0036,Logan Frazier,Male,HR,Analyst,Los Angeles,13-04-2018,62621,2.05,85.29,98,0,22-01-2025,Kimberly Singh,7.1
EMP0040,Carlos Morse,Female,HR,Associate,Chicago,10-02-2022,78517,2.8,84.5,58,1,23-05-2025,Ronald Ross,3.3
EMP0041,Riley Crosby,Female,HR,Analyst,New York,08-04-2017,88936,3.18,83.74,120,0,31-12-2024,Jason Rojas,8.1
EMP0053,Laura Gonzalez,Female,HR,Analyst,Los Angeles,12-02-2023,78952,3.69,82.49,46,0,18-11-2024,Bobby Hayes,2.3
EMP0063,Brenda Horn,Male,HR,Associate,New York,25-04-2021,47329,4.99,88.65,14,0,07-10-2024,Rodney Montoya,4.1
EMP0074,Erin Leonard,Female,HR,Associate,Los Angeles,01-12-2015,64405,3.82,84.03,42,0,07-09-2024,Jeremiah Peterson,9.5
EMP0079,Michael Thomas,Female,HR,Executive,New York,23-01-2021,106157,4.86,79.83,14,1,15-12-2024,Kevin Smith,4.3
EMP0083,Nicholas Berry,Male,HR,Senior Manager,Los Angeles,11-01-2016,105258,2.36,83.48,14,0,05-09-2024,Daniel Romero,9.4
EMP0087,Carlos Johnston,Female,HR,Executive,Chicago,14-06-2018,90983,3.73,98.39,82,1,26-01-2025,Alicia Smith,7
EMP0090,Mark Weeks,Female,HR,Associate,Chicago,09-01-2024,85397,2.73,93.51,64,2,23-12-2024,Mariah Ferguson,1.4
EMP0107,Jeffrey Martin,Female,HR,Executive,Los Angeles,01-10-2020,96777,4.59,82.84,109,1,19-03-2025,Cheryl Vazquez,4.6
EMP0112,Cheryl Flores,Male,HR,Manager,New York,09-09-2016,92162,2.5,83.02,61,0,08-02-2025,Eric Silva,8.7
EMP0117,Kayla Wright,Female,HR,Executive,San Francisco,27-04-2017,73199,2.63,97.24,60,0,21-04-2025,Brandon Bailey,8.1
EMP0118,Brenda Simpson,Male,HR,Assistant,San Francisco,16-11-2019,85241,2.25,88.67,26,2,12-10-2024,Robert Allen,5.5
EMP0119,Robert West,Male,HR,Assistant,Chicago,18-10-2023,112386,3.1,75.17,10,0,13-05-2025,Christopher Martinez,1.6
EMP0122,Jonathan Davis,Female,HR,Manager,San Francisco,25-03-2018,107560,3.56,86.48,105,2,27-01-2025,Laura Allen,7.2
EMP0127,Amanda Johnson,Female,HR,Assistant,Chicago,30-11-2022,97103,2.56,89.2,47,2,27-06-2024,Alyssa Logan,2.5
EMP0137,Daniel Reid,Female,HR,Manager,Los Angeles,19-07-2023,117755,3.36,95.31,103,1,09-08-2024,Aaron Williams,1.9
EMP0139,Taylor Carlson,Female,HR,Manager,San Francisco,28-05-2020,107823,2.18,76.73,118,1,14-11-2024,Deborah Smith,5
EMP0140,Matthew Jimenez,Female,HR,Manager,Los Angeles,25-02-2017,108214,4.14,94.82,93,2,19-01-2025,Larry Lewis,8.2
EMP0147,Lisa Paul,Male,HR,Associate,Chicago,13-06-2018,63124,3.24,90.72,35,2,06-05-2025,Charles Andrews,7
EMP0148,Patricia Hood,Female,HR,Analyst,San Francisco,16-05-2017,63695,4.91,80.67,95,1,29-10-2024,Jacob Watkins,8
EMP0153,Alex Garza,Male,HR,Executive,New York,21-05-2019,52064,3.15,80.22,51,0,08-01-2025,Richard Lee,6
EMP0178,James Anderson,Male,HR,Senior Manager,Chicago,23-01-2018,42832,3.01,94.86,42,1,30-09-2024,Kelsey Lee,7.3
EMP0182,Christopher Caldwell,Male,HR,Analyst,Chicago,12-05-2023,62708,2.09,87.91,89,3,28-01-2025,Dale Schroeder,2
EMP0198,Scott Barnett,Female,HR,Executive,Los Angeles,22-07-2021,49374,3.68,83.51,28,0,25-01-2025,Daniel Gonzalez,3.8
EMP0202,Daniel Lee,Female,HR,Assistant,San Francisco,10-09-2015,51983,4.35,94.46,106,2,28-02-2025,Duane Ross,9.7
EMP0205,Jesse Bird,Female,HR,Senior Manager,San Francisco,17-03-2024,54967,3.92,79.1,25,0,06-06-2024,Kathleen Mitchell,1.2
EMP0212,Jessica Williams,Male,HR,Senior Manager,Los Angeles,10-01-2016,70521,2.12,91.17,59,1,08-06-2024,Evelyn Bell DDS,9.4
EMP0217,Caitlin Henry,Female,HR,Assistant,Chicago,10-03-2019,106134,4.69,94.33,118,1,20-08-2024,Melissa Smith,6.2
EMP0221,Lori Mendoza,Male,HR,Analyst,Los Angeles,09-05-2017,57739,3.77,77.95,113,0,17-09-2024,Christine Hudson,8
EMP0241,Tyler Mendez,Female,HR,Associate,Los Angeles,30-03-2024,56420,2.03,93.64,93,0,09-03-2025,Cameron Warren,1.2
EMP0245,Timothy Small,Female,HR,Analyst,New York,04-12-2019,43576,2.49,85.49,118,0,26-08-2024,Debra Dillon,5.5
EMP0250,Seth Jackson,Female,HR,Analyst,Chicago,19-08-2022,104815,3.09,86.46,48,3,07-02-2025,Gregory Sanchez,2.8
EMP0254,Jorge Carrillo,Female,HR,Analyst,New York,19-12-2021,94104,4.66,86.81,98,3,15-02-2025,Kayla Edwards,3.4
EMP0262,John Hale,Female,HR,Associate,San Francisco,05-06-2021,46505,3.32,77.94,72,3,02-01-2025,Victoria Evans,4
EMP0267,Jeffrey Hampton,Female,HR,Analyst,Chicago,30-03-2024,116443,4.52,87.75,56,2,14-02-2025,Jessica Dean,1.2
EMP0270,Destiny Woodard,Male,HR,Senior Manager,Chicago,31-10-2020,70885,4.02,85.77,66,3,12-12-2024,Megan Zavala,4.6
EMP0272,Margaret Miller,Male,HR,Senior Manager,Boston,15-04-2019,74479,4.58,99.02,55,1,11-09-2024,Javier Lee,6.1
EMP0283,Mary Lawrence,Female,HR,Assistant,Los Angeles,03-04-2023,87757,2.67,88.1,119,0,29-08-2024,Kimberly Price,2.1
EMP0290,Shawn Martin,Female,HR,Senior Manager,San Francisco,25-09-2018,103904,2.03,83.57,87,2,15-04-2025,Joseph Lutz,6.7
EMP0302,Nicholas White,Female,HR,Analyst,Boston,20-04-2017,112714,4.81,94.76,95,0,27-08-2024,Alexis Decker,8.1
EMP0310,Jeffery Russell,Female,HR,Senior Manager,Los Angeles,26-10-2020,97841,2.6,91.05,35,3,09-05-2025,Amber Ball,4.6
EMP0312,Peter Deleon,Female,HR,Manager,Chicago,20-06-2019,67920,2.59,98.21,20,0,04-07-2024,Jesus Jones,5.9
EMP0317,Andrew Beasley,Male,HR,Manager,Los Angeles,01-10-2017,95783,4.53,98.44,46,0,13-08-2024,Kimberly Ramirez,7.7
EMP0322,April Harris,Male,HR,Assistant,San Francisco,01-11-2023,90623,3.02,81.46,110,0,04-08-2024,Alicia Guerrero,1.6
EMP0326,Jeffrey Jackson,Male,HR,Associate,Los Angeles,24-08-2021,80934,4.01,86.79,75,1,28-11-2024,Nicole Wallace,3.8
EMP0328,Michelle Ward,Female,HR,Executive,New York,20-03-2017,47639,2.59,90.1,100,2,13-04-2025,Johnny Wood,8.2
EMP0335,Karen Jackson,Male,HR,Executive,Boston,28-05-2022,42658,2.79,91.37,73,3,09-04-2025,Sara Brennan,3
EMP0341,Pamela Coleman,Male,HR,Analyst,Boston,13-01-2017,80510,4.02,94.4,98,3,15-05-2025,Jose Petersen,8.4
EMP0349,Brenda Smith,Male,HR,Assistant,Los Angeles,31-01-2016,119020,3.94,96.97,98,2,24-06-2024,Tracy Mitchell,9.3
EMP0356,David Garcia,Female,HR,Manager,Los Angeles,05-10-2023,111306,2.66,99.3,38,2,02-05-2025,Jill Robinson,1.6
EMP0357,Justin Callahan,Female,HR,Senior Manager,Boston,08-05-2018,97129,2.12,94.94,96,3,19-10-2024,Kayla Miller,7.1
EMP0359,Carlos Meadows,Female,HR,Associate,Chicago,12-12-2019,86637,3.73,99.87,112,0,02-06-2024,Jonathan Moore,5.5
EMP0379,Matthew Eaton,Female,HR,Senior Manager,Chicago,01-10-2020,102615,3.05,96.54,119,2,21-06-2024,Antonio Carter,4.6
EMP0387,Jennifer Padilla,Male,HR,Associate,Boston,23-03-2020,99943,4.82,77,61,3,16-07-2024,Wanda Murillo,5.2
EMP0407,Gina Moore,Female,HR,Manager,Los Angeles,08-09-2018,84190,4.38,95.34,109,2,06-08-2024,Miranda Ross,6.7
EMP0431,Karen Smith,Male,HR,Associate,New York,04-11-2015,55436,4.17,99.08,93,0,28-01-2025,Tamara Hurst,9.6
EMP0437,Patricia Barrett,Female,HR,Senior Manager,San Francisco,11-11-2019,48829,2.71,97.67,65,1,01-01-2025,Edward Holmes,5.5
EMP0448,Tina Garza,Male,HR,Assistant,New York,15-10-2021,41134,2.74,93.4,89,3,09-03-2025,Sherry Jones,3.6
EMP0453,Marcus Johnson,Female,HR,Analyst,New York,31-12-2022,58197,4.74,94.82,32,2,31-07-2024,Dr. Andrew Johnson,2.4
EMP0454,John Gallagher,Female,HR,Manager,San Francisco,16-06-2023,47404,3.6,86.53,82,3,26-05-2024,Jessica Davenport,1.9
EMP0455,Jacob Rhodes,Male,HR,Manager,Los Angeles,08-11-2021,92650,3.61,85.9,89,1,07-02-2025,Cindy Scott,3.5
EMP0462,Sandra Marsh,Female,HR,Assistant,Los Angeles,30-09-2016,58257,2.07,84.74,110,0,06-11-2024,Brandy Quinn,8.7
EMP0473,Michael Vance,Female,HR,Senior Manager,New York,13-05-2024,68707,3.67,88.05,67,1,16-03-2025,Nicole Evans,1
EMP0478,Crystal Berger,Male,HR,Executive,Los Angeles,03-08-2020,88889,2.86,98,37,0,16-02-2025,Crystal Price,4.8
EMP0491,Tina Kline,Male,HR,Associate,Boston,22-01-2022,85673,3.86,82.8,108,3,12-11-2024,Jessica Moses,3.3
EMP0493,Alyssa Murphy,Male,HR,Executive,Boston,12-12-2016,101108,3.65,77.2,51,0,03-12-2024,Christopher Davis,8.5
EMP0500,Kimberly Pearson,Male,HR,Manager,Los Angeles,23-04-2024,52392,3.22,95.02,13,3,04-04-2025,Patrick Harrington,1.1
EMP0004,Michelle Bennett,Male,IT,Senior Manager,Boston,25-03-2023,51503,2.3,85.27,38,1,20-03-2025,Peter Lloyd,2.2
EMP0011,Sherri Gibson,Female,IT,Executive,New York,17-03-2020,68315,3.55,84.74,34,0,21-05-2025,Lori King,5.2
EMP0016,Isabel Mcdonald,Male,IT,Associate,Chicago,22-01-2019,62444,2.46,91.01,23,0,12-06-2024,Kristy Ray,6.3
EMP0020,Christopher Hardy,Male,IT,Assistant,Chicago,20-08-2018,76449,2.91,91.04,38,0,12-05-2025,Elizabeth Stein,6.8
EMP0025,Jennifer Coffey,Male,IT,Associate,Los Angeles,23-01-2018,56051,3.9,91.91,14,1,05-07-2024,Heather Brewer,7.3
EMP0030,Michael Greene,Male,IT,Associate,New York,14-11-2018,60959,4.24,75.7,63,2,25-02-2025,Jennifer Byrd,6.5
EMP0033,Roger Pena,Male,IT,Manager,Chicago,29-06-2020,83527,4.51,92.34,38,3,25-01-2025,Tiffany Roberts,4.9
EMP0034,Melinda Snyder,Male,IT,Manager,New York,08-10-2017,96905,3.32,78.56,31,1,16-12-2024,Patrick Burns,7.6
EMP0043,Glenda Carlson,Male,IT,Assistant,New York,12-10-2015,83059,3.7,89.36,112,1,04-01-2025,Raymond Sharp,9.6
EMP0052,Xavier Russo,Male,IT,Analyst,San Francisco,19-11-2019,80496,2.49,97.28,59,1,15-01-2025,Matthew Dorsey,5.5
EMP0055,Kyle Davis,Male,IT,Analyst,Chicago,05-08-2017,46346,2.2,86.39,113,0,14-03-2025,Troy Jimenez,7.8
EMP0072,Ashley Weber,Male,IT,Assistant,Chicago,14-02-2016,115224,3.55,77.06,76,0,26-04-2025,Alexandra Castaneda,9.3
EMP0075,John Smith,Female,IT,Analyst,Chicago,11-12-2016,79579,3.34,82.52,64,1,31-03-2025,Cheryl Snow,8.5
EMP0077,Carrie Terry,Male,IT,Manager,Los Angeles,12-03-2019,48998,3.74,79.02,115,2,25-07-2024,Cheryl Hardy,6.2
EMP0082,Shannon Walker,Female,IT,Associate,New York,05-07-2020,57579,3.47,94.77,114,2,24-03-2025,Courtney Tyler,4.9
EMP0100,Jordan Harvey,Male,IT,Senior Manager,San Francisco,07-07-2022,42071,3.03,85.49,102,3,29-04-2025,Mark Grant,2.9
EMP0103,Melanie Burns,Male,IT,Assistant,Boston,24-04-2024,110552,3.43,90.43,16,1,02-07-2024,Paula Willis,1.1
EMP0116,Mark Mcpherson,Male,IT,Executive,Los Angeles,04-11-2017,43804,4.68,95.24,30,2,22-01-2025,Tina Fowler,7.6
EMP0124,Christian Young,Male,IT,Assistant,Boston,05-08-2020,109821,2.13,83.97,38,1,27-03-2025,Jamie Allen,4.8
EMP0130,Scott Mata,Female,IT,Executive,New York,14-10-2018,104342,4.39,82.55,107,2,23-06-2024,Misty Mendez,6.6
EMP0136,Erik Patel,Female,IT,Assistant,Chicago,05-04-2022,60549,3.69,80.07,113,0,02-07-2024,Susan Davis,3.1
EMP0152,Lynn Scott,Male,IT,Manager,Los Angeles,23-02-2023,70819,3.87,82.32,81,2,21-12-2024,Joanna Barr,2.3
EMP0158,Melissa Stephens,Male,IT,Associate,Boston,22-08-2019,104426,2.13,98.77,106,2,24-05-2024,Brett Smith,5.8
EMP0164,Brenda Morris,Female,IT,Associate,Chicago,25-10-2023,87767,3.99,87.96,106,0,22-03-2025,Michael Foley,1.6
EMP0167,Jane Johnson,Male,IT,Executive,Chicago,18-04-2017,64825,4.3,78.87,37,3,06-09-2024,Veronica Lopez,8.1
EMP0171,Lisa Medina MD,Female,IT,Senior Manager,New York,09-04-2021,75611,3.86,94.16,23,1,27-11-2024,Eric Lewis,4.1
EMP0173,Cindy Howard,Female,IT,Associate,Chicago,02-05-2017,74230,3.42,75.21,68,0,14-11-2024,Arthur Herrera,8.1
EMP0174,Mark Carr,Male,IT,Executive,New York,21-11-2022,111226,2.38,88.14,46,3,12-08-2024,Pamela Contreras,2.5
EMP0181,Anna Sutton,Male,IT,Senior Manager,Boston,02-07-2016,44769,4.15,87.43,93,1,17-11-2024,Michael Hill,8.9
EMP0186,Misty Morton,Male,IT,Associate,Los Angeles,25-09-2017,66576,4.63,93.06,29,0,29-08-2024,Christopher Roman,7.7
EMP0190,Christopher Nixon,Male,IT,Executive,New York,16-06-2021,103062,2.68,77.46,42,1,04-01-2025,Cynthia Harris,3.9
EMP0195,Andrew Sutton,Female,IT,Executive,San Francisco,23-04-2017,73582,2.44,83,14,2,09-11-2024,Kyle Jones,8.1
EMP0206,Deborah Haas,Male,IT,Manager,Chicago,10-06-2023,114866,2.05,96.45,40,2,11-03-2025,Mary Bailey,2
EMP0214,Carrie Murray,Female,IT,Executive,Chicago,18-03-2021,80061,3.29,81.22,38,0,12-05-2025,Jeremy Boyd,4.2
EMP0223,Jimmy Thompson,Male,IT,Analyst,Los Angeles,19-12-2023,70536,4.13,80.94,74,3,01-01-2025,Matthew Brewer,1.4
EMP0225,Krystal Silva,Female,IT,Analyst,San Francisco,18-02-2021,56783,4.6,80.49,31,0,23-08-2024,Anna Cortez,4.3
EMP0234,Clinton Phillips,Female,IT,Senior Manager,San Francisco,08-09-2015,99234,3.56,82.19,103,0,11-07-2024,Joseph Klein,9.7
EMP0242,Jennifer Savage,Female,IT,Executive,New York,06-06-2023,89526,4.72,88.72,113,2,09-05-2025,Donna Marshall,2
EMP0243,Valerie Banks,Female,IT,Senior Manager,San Francisco,18-09-2023,101827,3.76,95.11,69,1,04-01-2025,John Hanson MD,1.7
EMP0247,Erin Gutierrez,Male,IT,Associate,Boston,17-11-2019,55014,2.44,86.41,79,1,25-02-2025,Krystal Garcia,5.5
EMP0260,Bryan Winters,Female,IT,Manager,Boston,22-08-2019,52564,2.19,85.38,82,2,12-06-2024,Jessica Howard,5.8
EMP0265,Bailey Rodriguez,Male,IT,Associate,Los Angeles,27-05-2018,62359,3.08,88.01,36,2,20-10-2024,Maria Horne,7
EMP0266,Lisa Lang,Female,IT,Associate,Los Angeles,07-03-2021,56485,4.48,89.99,76,3,12-09-2024,Michael Vega,4.2
EMP0279,Sandra Ward,Female,IT,Executive,Boston,22-04-2021,73111,4.65,91.41,10,2,14-01-2025,Katie Fuller,4.1
EMP0286,Jordan Ferguson,Female,IT,Associate,Los Angeles,18-07-2018,112934,3.59,99.01,79,3,18-08-2024,Mark Jimenez,6.9
EMP0299,Erika Moore,Female,IT,Executive,Chicago,04-01-2017,53855,2.76,98.19,17,0,29-04-2025,Scott Flores,8.4
EMP0301,Michelle Vargas,Male,IT,Analyst,Boston,27-07-2019,68349,4.86,92.34,102,3,04-04-2025,Eric Hamilton,5.8
EMP0304,Wesley Garrett,Male,IT,Manager,Los Angeles,27-05-2023,106981,4.3,76.1,54,1,11-04-2025,Carla Bailey,2
EMP0309,Tara Bowman,Female,IT,Executive,Boston,31-03-2024,116204,3.57,94.27,22,3,30-01-2025,Jennifer Kennedy,1.2
EMP0314,Shannon Martin,Female,IT,Executive,Boston,21-02-2016,115369,2.76,81.05,84,1,11-06-2024,Timothy David,9.3
EMP0321,Stephen Tanner,Male,IT,Analyst,Boston,23-04-2023,88279,4.08,90.79,10,3,14-03-2025,Nicholas Martinez,2.1
EMP0343,Kimberly Sawyer,Male,IT,Executive,Chicago,18-06-2023,51667,4.38,91.11,84,3,03-09-2024,Crystal Moreno,1.9
EMP0350,Rebecca Brown,Female,IT,Assistant,Boston,24-05-2021,86633,3.71,84.48,55,0,16-10-2024,Christopher Sullivan,4
EMP0358,April Holland,Female,IT,Senior Manager,Los Angeles,21-05-2017,49104,4.37,88.8,115,3,26-11-2024,Erik Atkins,8
EMP0362,Amy Knight,Female,IT,Senior Manager,Chicago,21-01-2017,68738,4.35,92.58,64,3,23-09-2024,Victoria Gray,8.3
EMP0367,Jason Haley,Male,IT,Assistant,Los Angeles,10-05-2017,74728,2.34,75.5,61,3,17-07-2024,John Reese,8
EMP0377,Brian Garcia,Male,IT,Associate,Los Angeles,01-10-2015,116464,2.63,89.42,75,2,02-04-2025,Casey Richardson,9.7
EMP0388,Melissa Strong,Female,IT,Analyst,Los Angeles,17-09-2023,99880,3.72,88.39,33,3,19-12-2024,Joseph Turner,1.7
EMP0396,John Wiley,Female,IT,Assistant,Los Angeles,30-01-2017,86565,3.22,90.26,97,0,28-03-2025,Dakota Chan,8.3
EMP0398,Caleb Le,Female,IT,Assistant,Los Angeles,29-01-2017,111199,3.94,96.16,31,0,05-06-2024,Zachary Dominguez,8.3
EMP0401,Michael Castaneda,Female,IT,Manager,Los Angeles,12-06-2022,64688,4.25,84.18,37,3,26-07-2024,Jessica Sanders,3
EMP0403,Michelle Giles,Female,IT,Senior Manager,Chicago,13-04-2024,101226,3.26,76.11,113,2,29-10-2024,Allison Vasquez,1.1
EMP0421,Kurt Gonzales,Male,IT,Assistant,San Francisco,08-08-2015,67221,2.16,85.65,106,2,16-12-2024,Lee Macdonald,9.8
EMP0422,Chelsea Crawford,Male,IT,Executive,Los Angeles,27-11-2020,48231,2.27,83.15,18,0,21-01-2025,Alexandra Maynard,4.5
EMP0423,Sophia Collins,Male,IT,Associate,Chicago,10-09-2015,47094,2.37,90.74,118,2,12-05-2025,Theresa Dunn,9.7
EMP0424,Brandon Mayo,Male,IT,Analyst,San Francisco,02-07-2020,48280,2.44,96.99,56,3,05-09-2024,Taylor Lynch,4.9
EMP0430,Jane Stewart,Female,IT,Associate,Chicago,11-01-2016,68652,4.63,90.35,31,0,30-06-2024,Marcus Blake,9.4
EMP0436,Jacob Rasmussen,Female,IT,Assistant,Chicago,15-03-2024,117703,3.87,99.6,41,3,21-09-2024,Antonio Richmond,1.2
EMP0438,Jessica Weiss,Female,IT,Associate,Los Angeles,21-11-2015,83396,2.84,88.35,101,3,02-09-2024,Tiffany Humphrey,9.5
EMP0444,Hannah Craig,Female,IT,Associate,Los Angeles,01-01-2019,63002,2.79,84.21,78,0,02-10-2024,Christopher Gomez,6.4
EMP0445,Rebecca Hunter,Female,IT,Analyst,Los Angeles,10-04-2022,52104,3.29,92.28,75,1,08-01-2025,Max Aguilar,3.1
EMP0459,Amanda Golden,Male,IT,Senior Manager,San Francisco,21-03-2019,92855,3.05,77.55,45,1,23-09-2024,Kathryn Harris,6.2
EMP0460,Shelia Guzman,Female,IT,Executive,Los Angeles,04-04-2019,112207,3.32,87.23,108,0,03-09-2024,James Collins,6.1
EMP0463,Morgan Ayers,Male,IT,Executive,New York,06-04-2018,77821,2.21,89.73,73,3,19-07-2024,Jasmine Roberts,7.1
EMP0464,Antonio Rasmussen,Male,IT,Analyst,Chicago,27-06-2020,75762,2.57,97.41,26,3,26-12-2024,Donna Randolph,4.9
EMP0476,Keith Ellison,Female,IT,Senior Manager,Los Angeles,18-09-2019,92100,4.44,82.17,63,3,10-11-2024,Lisa Ferguson,5.7
EMP0486,George Griffin,Male,IT,Associate,Boston,29-10-2016,106472,2.26,75.37,11,1,12-08-2024,Andrew Wright,8.6
EMP0492,Caitlyn Brown,Female,IT,Assistant,Boston,03-12-2016,47917,2.28,85.99,73,0,25-06-2024,Ann Harris,8.5
EMP0494,John Ferguson,Female,IT,Executive,San Francisco,22-11-2015,63242,4.36,81.71,70,3,28-04-2025,Brian Mcgee,9.5
EMP0497,Denise Hoover PhD,Male,IT,Associate,New York,05-02-2016,49779,3.74,85.03,102,0,07-10-2024,Jennifer Kennedy,9.3
EMP0499,Melissa Gross,Female,IT,Assistant,Los Angeles,17-04-2016,92152,2.25,84.72,36,0,12-06-2024,Erin Avila,9.1
EMP0001,Bradley Hurst,Female,Marketing,Manager,New York,22-08-2020,42662,2.11,86.45,57,0,08-05-2025,Sandra Mcbride,4.8
EMP0006,Mrs. Carolyn Chapman,Female,Marketing,Assistant,Los Angeles,21-02-2023,78660,2.43,86.18,91,0,11-02-2025,Paul Crawford,2.3
EMP0008,Kristine Lee,Male,Marketing,Analyst,New York,30-05-2019,88318,4.14,98.79,18,2,04-12-2024,Katie Vasquez,6
EMP0012,Eric Adams,Male,Marketing,Executive,San Francisco,27-08-2023,73581,4.72,97.8,115,0,02-11-2024,Nicholas Riggs,1.7
EMP0013,Richard Chapman,Male,Marketing,Associate,New York,13-08-2023,98208,2.56,92.23,48,1,09-03-2025,Sandra Becker,1.8
EMP0015,Kathleen Maldonado,Male,Marketing,Associate,San Francisco,10-03-2020,59301,2.29,98.56,112,0,23-03-2025,Douglas Collins,5.2
EMP0027,Mark Baker,Female,Marketing,Executive,New York,04-05-2021,87684,3.92,83.19,81,2,12-04-2025,John Fisher,4.1
EMP0029,Kevin Copeland,Male,Marketing,Analyst,Los Angeles,15-01-2023,110611,3.76,75.64,22,2,29-06-2024,Wendy Edwards,2.4
EMP0032,Claudia Cortez,Male,Marketing,Associate,Chicago,05-03-2020,110502,2.75,89.6,108,0,26-06-2024,Crystal Mccall,5.2
EMP0037,Lisa Davis,Male,Marketing,Assistant,Boston,12-09-2015,115725,3.38,83.74,34,2,18-10-2024,Brian Bell,9.7
EMP0039,Natalie Boyd,Male,Marketing,Executive,San Francisco,08-12-2021,84225,2.9,85.27,111,0,05-03-2025,Ariel Moore,3.5
EMP0042,David Horn,Female,Marketing,Analyst,New York,28-08-2022,90275,3.86,90.41,47,1,11-08-2024,Laura Hester,2.7
EMP0044,Alan Becker,Female,Marketing,Manager,New York,08-11-2017,98082,4.96,83.49,44,3,03-04-2025,Dorothy Frost,7.5
EMP0048,Katrina Walsh,Male,Marketing,Executive,New York,17-10-2021,81455,4.5,92.16,42,0,24-01-2025,Lisa Nelson,3.6
EMP0058,Kristin Williams,Female,Marketing,Assistant,Chicago,15-02-2019,46488,3.93,88.39,93,3,28-03-2025,Miranda Walters,6.3
EMP0060,Christine Nelson,Female,Marketing,Associate,Boston,08-04-2021,105527,3.42,75.66,30,0,17-10-2024,Ryan Jordan,4.1
EMP0061,Thomas Keller,Male,Marketing,Associate,San Francisco,15-03-2024,49147,2.06,97.76,70,1,24-09-2024,Bethany Richards,1.2
EMP0062,Melissa Cain,Male,Marketing,Executive,New York,03-09-2017,99524,4.24,99.25,41,0,22-02-2025,Bryan Stevens,7.7
EMP0068,Brenda Miller,Female,Marketing,Analyst,Boston,08-07-2020,62545,2.85,87.66,98,0,27-07-2024,Nancy Hale,4.9
EMP0081,Miranda Pruitt,Female,Marketing,Analyst,New York,05-01-2024,94792,4.72,92.49,108,3,12-03-2025,James Mann,1.4
EMP0088,Crystal Wu,Female,Marketing,Manager,Chicago,04-08-2016,80785,3.17,77.01,49,2,16-02-2025,Wayne Newman,8.8
EMP0094,Erika Chapman,Female,Marketing,Assistant,Chicago,20-11-2017,88955,4.54,94.55,112,1,06-10-2024,Casey Vega DDS,7.5
EMP0096,Brendan Rodgers,Female,Marketing,Manager,San Francisco,23-05-2019,87110,2.22,79.76,97,3,05-01-2025,Kristine Gonzalez,6
EMP0101,Marissa Johnson,Female,Marketing,Manager,New York,16-09-2017,83948,2.66,96.57,115,2,27-08-2024,Faith Figueroa,7.7
EMP0102,Jeff Walker,Male,Marketing,Associate,Los Angeles,13-04-2020,79742,2.31,78.49,102,2,18-07-2024,Cameron Johnson,5.1
EMP0105,Rose Meyers,Male,Marketing,Senior Manager,Los Angeles,03-05-2024,73593,3.14,98.63,90,2,22-11-2024,Janice Jones,1.1
EMP0115,Thomas Stone,Male,Marketing,Senior Manager,New York,04-01-2023,88941,2.13,88.8,37,0,29-03-2025,David Perry,2.4
EMP0121,Ruth Flores,Female,Marketing,Manager,San Francisco,12-08-2015,87601,2.55,90.97,100,1,19-04-2025,Kevin Jones,9.8
EMP0123,William Hayes,Male,Marketing,Executive,San Francisco,30-04-2018,73446,4.96,93.89,71,0,31-01-2025,Claire Campbell,7.1
EMP0125,Thomas Reynolds,Male,Marketing,Manager,New York,20-07-2021,47634,2.75,90.94,60,0,24-06-2024,Cameron Garcia,3.8
EMP0132,Katherine Little DDS,Male,Marketing,Assistant,San Francisco,21-05-2016,84429,2.75,80.72,39,1,11-02-2025,Jacob Weiss,9
EMP0135,James Rose,Male,Marketing,Analyst,San Francisco,20-08-2016,105718,2.42,95.05,110,0,09-10-2024,Kenneth Davis,8.8
EMP0145,Dylan Smith,Male,Marketing,Manager,Los Angeles,22-03-2022,112157,2.36,98.72,64,1,09-12-2024,Heather King,3.2
EMP0150,Mary Norman,Male,Marketing,Assistant,San Francisco,05-02-2018,67223,4.83,81.39,31,0,24-08-2024,Amy Fox,7.3
EMP0155,Steven Berry,Female,Marketing,Senior Manager,Boston,01-12-2016,68627,3.23,96.61,33,2,13-07-2024,Margaret Alvarado,8.5
EMP0156,James Hunt,Male,Marketing,Manager,Los Angeles,27-08-2019,44081,4.33,92.32,83,2,19-04-2025,Christina Harper,5.7
EMP0159,Corey Terrell,Female,Marketing,Manager,New York,03-05-2021,56889,4.99,80,38,3,06-09-2024,Dustin Ortega,4.1
EMP0162,Robert Thompson,Female,Marketing,Analyst,Boston,08-08-2018,72896,2.83,78.04,50,1,23-02-2025,Jason Phelps,6.8
EMP0168,Victoria Sims,Male,Marketing,Assistant,New York,26-01-2022,42723,2.2,81.65,103,1,05-05-2025,Betty Warren,3.3
EMP0170,William Flowers,Female,Marketing,Executive,Los Angeles,20-07-2021,63415,2.13,87.72,99,3,18-06-2024,Nicole Gibson,3.8
EMP0184,Terry Chung,Female,Marketing,Assistant,Boston,02-07-2022,60100,3.26,80.02,47,1,07-06-2024,William Meyers,2.9
EMP0187,Hayden Young,Female,Marketing,Manager,Boston,09-08-2018,115539,3.48,77.46,120,1,27-10-2024,Scott Scott,6.8
EMP0191,Brittney Frey,Female,Marketing,Senior Manager,New York,08-10-2020,44358,3.16,76.81,55,2,19-04-2025,Dwayne Brown,4.6
EMP0200,Theodore Allison,Male,Marketing,Senior Manager,Chicago,19-12-2021,119169,2.47,93.99,108,3,01-03-2025,Cesar Wolfe,3.4
EMP0201,Steven Pugh,Female,Marketing,Senior Manager,New York,24-04-2023,101198,2.29,84.24,40,0,06-01-2025,Lisa Harmon,2.1
EMP0208,Daniel Kim,Female,Marketing,Associate,Chicago,14-08-2016,100556,4.32,92.76,50,3,30-06-2024,Jennifer Mills,8.8
EMP0209,Michael Reyes,Male,Marketing,Manager,Boston,03-10-2017,102475,4.28,93.42,102,3,25-01-2025,Erica Reyes,7.6
EMP0210,Jacqueline Carey,Male,Marketing,Analyst,Boston,21-10-2022,97724,3.13,94.74,37,1,11-12-2024,Dr. Sean Thompson,2.6
EMP0213,Nicole Kennedy,Male,Marketing,Associate,San Francisco,22-06-2016,103417,4.3,88.63,59,2,03-06-2024,Laurie Lopez,8.9
EMP0222,Anthony Rodriguez,Female,Marketing,Analyst,New York,05-04-2020,117735,2.95,81.44,84,1,08-09-2024,Barbara Anderson,5.1
EMP0229,Mr. Nicholas Thomas,Male,Marketing,Assistant,New York,14-05-2019,79400,3.16,96.51,59,2,15-02-2025,Ann Lawson,6
EMP0230,Dr. Kimberly Garza,Female,Marketing,Senior Manager,Chicago,24-06-2022,49423,4.52,90.73,101,3,24-05-2025,Tracey Parker,2.9
EMP0232,Samuel Smith,Male,Marketing,Analyst,Boston,13-07-2020,42731,3.65,75.57,62,1,19-10-2024,Michael Baker,4.9
EMP0244,Anne Schneider,Female,Marketing,Executive,San Francisco,20-01-2022,100495,2.27,98.04,95,2,22-09-2024,Brenda Edwards,3.3
EMP0248,Crystal Scott,Female,Marketing,Executive,Chicago,25-10-2021,72702,4.47,84.73,53,1,07-04-2025,Timothy Nguyen,3.6
EMP0251,Bradley Ward,Male,Marketing,Senior Manager,Boston,12-01-2024,54831,2.14,83.82,102,0,02-10-2024,Andrew Lester,1.4
EMP0252,Alexander Johnson,Female,Marketing,Manager,Los Angeles,03-08-2023,64362,2.5,99.53,66,3,15-11-2024,Diane Lewis,1.8
EMP0255,John Foster,Male,Marketing,Senior Manager,Boston,14-04-2021,69413,3.36,79.67,61,0,01-04-2025,Angela Brown,4.1
EMP0257,Justin Leblanc,Male,Marketing,Senior Manager,Boston,20-12-2020,65575,2.69,77.25,47,1,03-08-2024,Diana Gonzalez,4.4
EMP0258,Peter Woods,Male,Marketing,Manager,Boston,11-02-2016,84128,2.96,84.42,94,0,03-08-2024,Billy Wall,9.3
EMP0259,Daniel Hartman,Male,Marketing,Analyst,Boston,06-12-2021,70888,2.53,81.9,57,0,05-03-2025,Kimberly Harris,3.5
EMP0263,James Leach,Female,Marketing,Assistant,Los Angeles,15-02-2019,102736,3.51,75.33,75,0,26-03-2025,Ricardo Larson,6.3
EMP0273,Jacob Ramirez,Female,Marketing,Analyst,New York,13-07-2019,62799,3.95,93.13,50,3,18-03-2025,Patricia Rodriguez,5.9
EMP0277,Rachel Martin,Male,Marketing,Executive,Chicago,18-07-2022,99777,4.76,94.26,118,3,28-04-2025,Stephen Coleman,2.9
EMP0280,Amanda Norris,Female,Marketing,Manager,New York,03-09-2015,54736,2.9,87.87,23,0,07-02-2025,Sarah Rodriguez,9.7
EMP0284,Shannon Miller,Male,Marketing,Analyst,San Francisco,21-05-2023,92274,4.46,84.08,105,0,03-01-2025,John Robinson,2
EMP0285,Sarah Lang,Female,Marketing,Manager,San Francisco,16-10-2017,66548,4.51,82.12,17,1,04-07-2024,Wendy Soto,7.6
EMP0288,Cassandra Barton,Male,Marketing,Executive,Boston,05-02-2017,53518,2.58,86.28,108,3,08-05-2025,Andrea Harris,8.3
EMP0289,Robert David,Male,Marketing,Associate,Boston,19-10-2021,76568,4.86,93.17,32,3,13-10-2024,William Franco,3.6
EMP0292,Mr. Wesley Pena,Female,Marketing,Associate,Chicago,24-03-2022,44162,2.71,75.42,53,3,05-06-2024,Renee Parks,3.2
EMP0295,Nancy Murphy,Female,Marketing,Executive,San Francisco,10-07-2017,43755,3.3,97.92,46,0,18-11-2024,Brittany Taylor,7.9
EMP0298,Donald Medina,Female,Marketing,Executive,Chicago,05-04-2023,77708,3.41,92.39,99,0,02-02-2025,Madison Dixon,2.1
EMP0303,Molly Contreras,Male,Marketing,Associate,Chicago,06-10-2022,105388,3.57,82.42,75,2,23-08-2024,Christopher Schroeder,2.6
EMP0311,Donna Reyes MD,Male,Marketing,Manager,Boston,18-02-2024,55703,2.07,76.67,62,2,30-04-2025,Mark Gibson,1.3
EMP0316,Matthew Martin,Female,Marketing,Assistant,Boston,02-08-2021,107788,3.08,92.95,46,3,09-04-2025,David Park,3.8
EMP0336,Danielle Manning,Female,Marketing,Senior Manager,New York,07-11-2016,59665,2.3,93.67,41,0,27-10-2024,James Bennett,8.6
EMP0337,Gregory Davis,Female,Marketing,Associate,Boston,29-01-2021,62053,3.84,91.72,32,0,07-12-2024,Wendy Moody,4.3
EMP0345,Andrew Pierce,Male,Marketing,Senior Manager,Chicago,05-02-2017,112658,2.39,85.51,96,0,27-03-2025,Ryan Hayden,8.3
EMP0346,Maurice Hernandez,Male,Marketing,Manager,Chicago,14-05-2022,87476,4.27,96.11,52,2,24-03-2025,Andre Scott,3
EMP0354,Jody Lopez,Female,Marketing,Executive,Los Angeles,08-06-2017,112612,2.68,97.22,89,1,02-09-2024,Amanda Cowan,8
EMP0361,Lisa Camacho,Male,Marketing,Associate,Boston,22-05-2022,42189,4.43,80.43,73,2,04-12-2024,April Williams,3
EMP0364,James Ward,Female,Marketing,Associate,Boston,04-11-2016,106840,3.46,92.29,52,1,23-10-2024,Kaitlyn Ellis,8.6
EMP0366,Brenda Clayton,Male,Marketing,Assistant,Los Angeles,24-05-2019,114367,2.47,81.1,60,0,29-03-2025,Patrick Buck,6
EMP0371,Dawn Mcbride,Male,Marketing,Analyst,New York,12-07-2023,73072,3.22,82.37,114,2,26-02-2025,Pamela Mcpherson,1.9
EMP0374,Kevin Russell,Male,Marketing,Executive,New York,02-11-2022,55454,3.65,98,94,1,09-06-2024,Mary Johnson,2.6
EMP0375,Teresa Ramirez,Male,Marketing,Senior Manager,Los Angeles,28-02-2020,55682,2.09,89.33,102,2,19-01-2025,Kathryn Williams,5.2
EMP0378,Raven May,Female,Marketing,Analyst,Boston,14-04-2016,59362,3.3,91.04,87,2,04-03-2025,Michael Ramos,9.1
EMP0384,Eric Rodriguez,Male,Marketing,Analyst,Los Angeles,07-04-2022,79940,3.27,75.98,20,0,19-07-2024,John King,3.1
EMP0391,David Watson,Male,Marketing,Executive,New York,14-09-2015,87878,2.77,83.78,27,2,04-05-2025,Dr. Darrell Murphy,9.7
EMP0399,Gabriel Cook,Male,Marketing,Senior Manager,Chicago,10-05-2024,89993,3.69,77.22,57,3,29-07-2024,David Rivas,1
EMP0402,Manuel Martinez,Female,Marketing,Senior Manager,New York,04-02-2021,90101,3.4,96.56,27,1,30-04-2025,Sharon Gonzalez,4.3
EMP0411,Vanessa Golden,Female,Marketing,Executive,San Francisco,14-09-2017,116531,4.06,85.76,26,3,02-07-2024,Erika Bentley,7.7
EMP0413,Colton Parker,Male,Marketing,Assistant,Boston,30-06-2021,68215,4.2,95.48,114,3,09-04-2025,Hannah Phillips,3.9
EMP0414,Daniel Estes,Male,Marketing,Executive,Boston,26-07-2021,67010,3.69,80.97,68,3,04-07-2024,April Miller,3.8
EMP0417,Andrew Frazier,Male,Marketing,Assistant,Los Angeles,23-02-2019,75459,2.94,88.85,114,3,26-04-2025,Colleen Bernard,6.3
EMP0428,Margaret Vargas,Female,Marketing,Manager,Boston,15-12-2021,49548,4,95.7,82,2,15-11-2024,Andrew Miller,3.4
EMP0432,Todd King,Female,Marketing,Analyst,Chicago,03-05-2023,111232,4.28,96.64,81,1,19-02-2025,Helen Moore,2.1
EMP0433,Lisa Jackson,Male,Marketing,Manager,New York,03-01-2024,87863,2.65,97.34,59,0,28-01-2025,Adrian Rodriguez,1.4
EMP0443,Gregory Miller,Male,Marketing,Assistant,San Francisco,20-08-2015,88156,3.42,90.1,101,3,05-10-2024,Drew Wolf,9.8
EMP0447,Kevin Smith,Female,Marketing,Executive,New York,03-09-2022,43356,3.1,95.64,17,0,20-11-2024,Laura Mcdowell,2.7
EMP0451,Drew Brady,Male,Marketing,Assistant,New York,21-01-2024,53134,4.27,80.04,108,0,01-04-2025,Jessica Lin,1.3
EMP0452,Lisa Murphy,Male,Marketing,Associate,New York,07-10-2016,104445,2.13,80.9,98,3,18-10-2024,Lindsay Evans,8.6
EMP0458,Melanie Ramirez,Female,Marketing,Executive,San Francisco,03-09-2018,100535,2.79,95.48,105,2,23-02-2025,Matthew Smith,6.7
EMP0470,Brandon Jackson,Male,Marketing,Associate,New York,25-11-2018,94374,4.51,94.01,88,3,02-11-2024,Natasha Hall,6.5
EMP0472,Michael Hunter,Female,Marketing,Assistant,Chicago,15-07-2020,88308,3.1,91.78,66,1,01-06-2024,James Phillips,4.9
EMP0474,Casey Allison,Female,Marketing,Assistant,Boston,10-03-2021,76576,2.97,96.72,116,2,16-01-2025,Stephen Monroe,4.2
EMP0475,Robert Williams,Male,Marketing,Senior Manager,Los Angeles,14-02-2024,84665,3.44,96.12,80,0,06-02-2025,Jason Garza,1.3
EMP0479,John Rush,Male,Marketing,Senior Manager,Boston,19-07-2022,83419,3.14,81.96,117,3,23-02-2025,Caleb Smith,2.9
EMP0482,Sarah Dunn,Female,Marketing,Analyst,Los Angeles,13-03-2021,50875,2.05,95.48,44,3,23-05-2025,Matthew Fisher,4.2
EMP0483,Craig Delgado,Female,Marketing,Executive,New York,05-08-2017,83356,2.32,77.24,83,3,03-05-2025,Larry Monroe,7.8
EMP0487,Jamie Ward,Female,Marketing,Executive,Chicago,14-01-2021,89527,4.89,87.15,115,1,05-12-2024,Brent Garcia,4.4
EMP0495,Joseph Bailey,Male,Marketing,Senior Manager,New York,16-09-2017,82726,3.55,82.4,68,2,21-02-2025,Leah Sloan,7.7
EMP0009,Katie Ramirez,Male,Operations,Senior Manager,San Francisco,16-11-2020,61627,2.01,79.61,51,0,28-07-2024,Shari Brown,4.5
EMP0018,Edwin Gordon,Female,Operations,Executive,Chicago,19-10-2017,111727,4.23,83.77,59,0,03-04-2025,Russell Becker,7.6
EMP0031,Maria Rice,Male,Operations,Executive,Chicago,07-04-2020,71723,2.03,89.06,15,3,10-09-2024,Henry Kelley,5.1
EMP0046,Angela Hodge,Female,Operations,Associate,Los Angeles,05-08-2022,72563,2.47,99.3,111,3,23-05-2025,Thomas Friedman,2.8
EMP0047,Taylor James,Male,Operations,Senior Manager,San Francisco,25-04-2022,84052,2.1,98.18,80,3,23-03-2025,Jay Castillo,3.1
EMP0051,John Guerra,Female,Operations,Associate,New York,23-07-2017,82665,3.55,86.24,117,2,29-01-2025,Adam James,7.8
EMP0054,Brenda Maddox,Female,Operations,Manager,San Francisco,25-09-2016,81519,2.66,91.66,109,0,01-05-2025,David Medina,8.7
EMP0056,Christopher Gonzales,Male,Operations,Manager,Boston,25-10-2015,90457,2.54,93.23,86,0,05-01-2025,Tammy Wolf,9.6
EMP0057,Alice Clark,Male,Operations,Analyst,San Francisco,21-05-2024,63351,2.49,88.24,85,2,26-06-2024,Lisa Moss,1
EMP0066,Erin Henderson,Male,Operations,Executive,Los Angeles,14-12-2018,76601,4.98,80.9,75,3,21-03-2025,Mark Cooper,6.4
EMP0070,Andrew Hawkins,Female,Operations,Manager,New York,19-07-2022,87453,4.3,89.72,22,3,11-03-2025,James Nelson,2.9
EMP0078,Sara Gomez,Male,Operations,Manager,New York,10-03-2016,109545,2.54,81.4,23,3,16-11-2024,Rebecca Gardner,9.2
EMP0091,Dr. Rebecca Stewart DDS,Male,Operations,Assistant,Los Angeles,14-10-2016,57562,3.19,79.38,117,0,16-01-2025,Mark Stewart,8.6
EMP0114,Mathew Crawford,Male,Operations,Senior Manager,San Francisco,14-09-2019,104046,4.08,93.12,108,2,25-06-2024,Laura Jackson,5.7
EMP0120,Alexa House,Male,Operations,Associate,Chicago,04-10-2021,78260,4.96,79.94,79,2,30-10-2024,Michael Miller,3.6
EMP0133,Krystal Fisher,Female,Operations,Associate,New York,29-08-2020,87808,3.51,93.48,110,3,04-01-2025,Sheila Moreno,4.7
EMP0134,Amy Bryan,Female,Operations,Manager,New York,30-06-2022,93941,2.5,94.02,17,0,05-08-2024,Thomas Cruz,2.9
EMP0141,Kyle Rodriguez,Male,Operations,Associate,Chicago,11-10-2022,84421,3.47,95.41,98,2,01-02-2025,April Villarreal,2.6
EMP0154,Scott Davis,Male,Operations,Assistant,Chicago,25-04-2019,91282,2.85,79.9,72,3,18-11-2024,John Greene,6.1
EMP0157,Cynthia Tran,Female,Operations,Assistant,New York,27-12-2023,117374,2.34,99.68,53,1,06-02-2025,Jennifer Perez,1.4
EMP0165,Chase Clarke,Male,Operations,Analyst,New York,13-03-2018,43092,4.24,96.16,57,0,23-04-2025,Taylor Moore,7.2
EMP0175,Willie Andrews,Male,Operations,Senior Manager,New York,10-02-2024,98241,2.9,99.42,37,1,30-10-2024,George Rollins,1.3
EMP0176,Thomas Brown,Female,Operations,Assistant,Chicago,15-09-2021,68423,2.86,85.18,62,1,18-01-2025,James Martinez,3.7
EMP0177,Rachel Andrews,Male,Operations,Manager,Los Angeles,13-02-2024,45623,4.99,86.49,12,0,21-09-2024,Robert Payne,1.3
EMP0183,William Gates,Male,Operations,Manager,Chicago,31-07-2015,55354,4.87,99.09,51,3,11-01-2025,Eric Mclean,9.8
EMP0185,Nicholas Brown,Male,Operations,Executive,San Francisco,29-03-2017,116883,4.84,98.88,94,0,29-10-2024,Margaret Roberson,8.2
EMP0193,Kimberly King,Male,Operations,Manager,Chicago,25-06-2018,87019,3.8,90.33,80,2,21-12-2024,Dr. Anthony Randolph,6.9
EMP0197,Bryan Hill,Male,Operations,Executive,San Francisco,09-03-2022,106385,4.1,81.67,29,0,17-11-2024,Justin Delgado,3.2
EMP0199,Julian Hayes,Female,Operations,Analyst,San Francisco,25-12-2018,45467,4.6,98.94,70,0,13-05-2025,Julia Chen,6.4
EMP0203,William Lee,Female,Operations,Associate,Boston,25-07-2020,109394,2.68,83.4,26,2,09-02-2025,Nancy Barker,4.8
EMP0207,Michael Castillo,Male,Operations,Executive,San Francisco,16-01-2019,90053,2.98,90.01,92,3,22-07-2024,Kimberly Knox,6.4
EMP0220,Jeanette Woodard,Male,Operations,Senior Manager,Chicago,15-12-2021,112097,3.64,96.81,39,2,28-08-2024,James Lynch PhD,3.4
EMP0224,Tanya Kelly,Male,Operations,Executive,New York,24-02-2023,69467,3.54,95.25,119,1,25-12-2024,Brian Hunter,2.2
EMP0233,Preston Neal,Male,Operations,Executive,San Francisco,13-07-2018,109919,4.95,79.84,37,1,18-09-2024,Luke Howell,6.9
EMP0240,Laurie Terry,Female,Operations,Assistant,Boston,26-06-2023,58080,2.81,89.32,76,0,07-05-2025,Mario Thomas,1.9
EMP0246,Kayla Quinn,Male,Operations,Senior Manager,Boston,08-01-2022,99079,4.24,76.39,62,0,01-10-2024,Jill White,3.4
EMP0253,James Hunter,Female,Operations,Manager,San Francisco,16-02-2018,72640,4.01,95.68,51,3,13-06-2024,Ryan Smith,7.3
EMP0261,Sandra Flowers,Female,Operations,Executive,Chicago,25-11-2016,71848,4.09,84.62,111,1,12-09-2024,Monique Weber,8.5
EMP0264,Darrell Farmer,Female,Operations,Manager,Chicago,17-12-2023,70240,2.49,97.49,120,1,15-02-2025,William Weaver,1.4
EMP0268,Caitlyn Bates,Male,Operations,Executive,Chicago,16-08-2020,87990,4.51,83.87,101,2,09-10-2024,Cheryl Diaz,4.8
EMP0269,Jonathan Richards,Female,Operations,Associate,Chicago,10-04-2023,84695,4.8,84.75,30,3,08-11-2024,Karen Cochran,2.1
EMP0271,Courtney Cabrera,Male,Operations,Associate,Los Angeles,06-11-2018,76105,2.13,88.64,95,1,06-04-2025,Lee Hawkins,6.6
EMP0276,Brian Lane,Female,Operations,Manager,Boston,10-11-2019,100794,2.46,98,83,0,21-12-2024,John White,5.5
EMP0307,William Ramirez,Male,Operations,Senior Manager,San Francisco,13-10-2016,88722,2.59,83.01,94,2,30-09-2024,Dustin King,8.6
EMP0308,Jacob Soto,Male,Operations,Analyst,Los Angeles,09-03-2022,51855,4.19,91.4,98,1,01-12-2024,David Rodgers,3.2
EMP0320,Sarah Wilson,Male,Operations,Manager,New York,16-07-2018,91312,3.31,83.43,59,2,27-08-2024,William Jones,6.9
EMP0323,Steven Evans,Female,Operations,Senior Manager,Los Angeles,16-02-2019,51340,3.78,80.51,99,0,15-02-2025,Roger Warren,6.3
EMP0329,Melissa Cline,Male,Operations,Assistant,Chicago,27-03-2021,49668,2.76,95.08,63,0,24-08-2024,Lisa Gonzales,4.2
EMP0330,Daniel Hurley,Male,Operations,Associate,San Francisco,24-04-2018,113526,3.65,91.03,112,2,07-02-2025,Leslie Olsen,7.1
EMP0344,Elizabeth Perez,Female,Operations,Manager,New York,26-03-2022,112008,3.62,93.62,117,2,08-04-2025,Jesse Gray MD,3.2
EMP0347,Tyrone Frost,Female,Operations,Assistant,San Francisco,21-03-2024,96816,3.81,92.44,34,2,07-06-2024,Andrew Estrada,1.2
EMP0352,John Valentine,Male,Operations,Executive,San Francisco,17-02-2023,100613,4.54,97.25,73,2,08-04-2025,Vanessa Doyle,2.3
EMP0353,Linda Morgan,Male,Operations,Associate,San Francisco,14-01-2022,69288,4.63,93.05,20,0,17-10-2024,Joshua Perez,3.4
EMP0360,Sarah Woods,Female,Operations,Associate,Los Angeles,12-12-2019,72389,3.08,79.22,26,1,25-10-2024,Eric Armstrong,5.5
EMP0372,Latoya Hooper,Male,Operations,Assistant,Chicago,12-09-2020,58962,4.97,96.62,101,3,29-10-2024,Gregory Patel,4.7
EMP0389,Marvin Ortiz,Female,Operations,Senior Manager,Boston,08-12-2022,114089,4.64,82.1,41,2,22-09-2024,Jason Rhodes,2.5
EMP0390,Elizabeth Patel,Male,Operations,Executive,Los Angeles,05-05-2018,70277,2.97,98.95,45,3,21-12-2024,Nicholas Strickland,7.1
EMP0393,Ashley Howard,Female,Operations,Senior Manager,Chicago,25-10-2020,97972,2.13,94.65,26,0,07-07-2024,Gregory Hart Jr.,4.6
EMP0406,Gregory Whitaker,Male,Operations,Manager,New York,13-12-2021,42235,4.33,91.66,61,2,30-07-2024,Jeremy Bailey,3.4
EMP0416,Samuel Sullivan,Female,Operations,Executive,San Francisco,31-07-2020,69104,4.35,94.08,90,2,30-03-2025,Christian Bowers,4.8
EMP0426,Jeffrey Mccormick,Female,Operations,Manager,New York,24-02-2017,109401,4.88,92.81,84,0,08-11-2024,Kenneth Arias,8.3
EMP0427,Carl Campbell,Female,Operations,Executive,Chicago,11-08-2021,103431,3.84,83.98,73,0,31-05-2024,James Hughes,3.8
EMP0446,Amber Davis,Male,Operations,Assistant,New York,27-02-2022,119186,2.13,91.96,55,1,06-08-2024,Jeffrey White,3.2
EMP0450,Lisa Ryan,Male,Operations,Associate,New York,21-08-2018,109380,2.85,90.34,11,3,12-12-2024,Victor Brennan,6.8
EMP0456,William Hernandez,Male,Operations,Executive,New York,04-04-2016,47484,3.67,88.41,93,2,06-03-2025,Rebecca Watkins,9.1
EMP0457,Beth Alvarez,Male,Operations,Manager,Chicago,11-04-2023,62099,4.97,98.27,41,2,23-09-2024,Richard Warren,2.1
EMP0461,Carl Smith,Male,Operations,Assistant,Los Angeles,21-06-2017,96021,2.48,92.23,117,0,31-05-2024,Ashley Gibson,7.9
EMP0466,Ryan Reed,Female,Operations,Senior Manager,San Francisco,28-12-2018,44023,2.03,81.21,27,2,16-12-2024,Joseph Cooper,6.4
EMP0467,Carla Gentry,Male,Operations,Analyst,New York,18-03-2024,51997,3.31,79.78,112,0,04-11-2024,Daniel Martin,1.2
EMP0484,Wanda Morales,Male,Operations,Associate,San Francisco,21-08-2019,51203,4.09,79.07,75,1,14-01-2025,Michele Jones,5.8
EMP0490,Linda Wagner,Male,Operations,Manager,Los Angeles,15-08-2017,72424,4.69,81.57,94,1,29-12-2024,Andrew Morris,7.8
EMP0496,Ryan Kennedy,Male,Operations,Senior Manager,New York,02-05-2020,108043,4.52,78.42,19,2,17-02-2025,Scott Simmons,5.1
EMP0010,Ryan Brown,Female,Sales,Assistant,Chicago,07-02-2024,97952,5,78.61,95,2,16-06-2024,Victor Sanchez,1.3
EMP0026,Thomas Johnson,Female,Sales,Associate,San Francisco,05-06-2019,114464,5,92.19,46,0,15-04-2025,Anne Rios,6
EMP0028,James Rodriguez,Female,Sales,Executive,Boston,17-10-2023,113882,5,95.2,88,0,21-11-2024,Ray Costa,1.6
EMP0045,Miss Candice Morgan,Male,Sales,Assistant,New York,13-02-2017,85907,4,93.21,110,0,23-04-2025,James Kramer,8.3
EMP0049,Lisa Donovan,Male,Sales,Associate,Chicago,11-05-2016,99438,4,82.72,40,0,07-12-2024,Christopher Leon,9
EMP0065,Rachel Mendoza,Female,Sales,Assistant,Los Angeles,22-03-2018,113321,4,96.95,64,2,22-01-2025,Elizabeth Thompson,7.2
EMP0067,Jamie Haney,Male,Sales,Associate,Chicago,25-11-2021,67741,4,91.84,80,1,04-09-2024,Kimberly Silva,3.5
EMP0069,Eric Turner,Male,Sales,Senior Manager,Chicago,20-01-2021,78121,4,89.29,119,3,05-05-2025,James Hughes,4.3
EMP0080,Daniel Smith,Female,Sales,Associate,Chicago,11-05-2022,65769,4,87.81,88,1,06-06-2024,Blake Hall,3
EMP0084,Robert Stanley,Male,Sales,Analyst,Chicago,29-01-2016,73719,4,77.4,63,0,25-07-2024,Amber Lopez,9.3
EMP0092,Kenneth Kline,Male,Sales,Executive,New York,11-04-2022,82748,5,92.48,59,1,22-04-2025,Melissa Stewart,3.1
EMP0104,Mark Novak,Female,Sales,Assistant,New York,19-10-2019,98345,4,82.82,16,3,26-05-2024,Mark Rivera,5.6
EMP0108,Denise Benson,Female,Sales,Associate,Chicago,10-04-2022,102862,5,88,20,0,10-02-2025,Christina Rowe,3.1
EMP0126,Jessica Edwards,Male,Sales,Manager,Boston,04-02-2024,77200,4,82.04,22,3,23-10-2024,Patricia Brennan,1.3
EMP0128,Michael Griffin,Male,Sales,Associate,Los Angeles,17-08-2018,65234,5,95.43,39,1,25-03-2025,Jonathan Phillips,6.8
EMP0138,Joseph Arellano,Male,Sales,Senior Manager,New York,17-04-2019,87556,4,79.76,81,0,16-12-2024,Tommy Taylor,6.1
EMP0142,Susan Leonard,Female,Sales,Executive,Boston,03-10-2023,81050,4,76.05,18,3,29-12-2024,Joseph Walters,1.6
EMP0160,Kelly Simpson PhD,Female,Sales,Executive,Boston,06-04-2021,57757,4,89.64,112,3,19-10-2024,Bailey Cantu,4.1
EMP0161,Robert Hardin,Male,Sales,Associate,Chicago,05-10-2020,113706,5,94.46,35,3,16-11-2024,Michelle Davis,4.6
EMP0169,Christine Walker MD,Male,Sales,Assistant,San Francisco,28-04-2022,54391,5,75.37,116,1,02-02-2025,Lori Williamson,3.1
EMP0172,Kevin Baker,Female,Sales,Analyst,Los Angeles,04-06-2015,45631,4,95.8,58,0,29-07-2024,Tracy Smith,10
EMP0180,Crystal Mcdaniel,Male,Sales,Associate,San Francisco,07-04-2017,58801,4,92.94,62,2,20-05-2025,Jason Foster,8.1
EMP0194,Shannon Collins,Female,Sales,Associate,Boston,28-11-2022,89905,4,82.46,72,0,16-04-2025,Isaac Anderson,2.5
EMP0196,John Clark,Male,Sales,Associate,Los Angeles,26-11-2015,71143,5,90.66,15,3,30-11-2024,Ms. Kayla Anderson,9.5
EMP0204,Janice Miller,Female,Sales,Analyst,Boston,26-09-2019,107538,4,97.41,112,2,30-03-2025,Paul Mann,5.7
EMP0215,Heather Duran,Male,Sales,Assistant,Chicago,05-07-2022,106403,4,96.57,24,3,03-11-2024,Jane Chang,2.9
EMP0218,Anna Ramirez,Female,Sales,Manager,Boston,28-07-2021,82787,4,76.46,83,1,25-04-2025,Susan Cooley,3.8
EMP0219,Caleb Fritz,Male,Sales,Executive,Los Angeles,07-11-2023,57714,5,77.04,106,3,30-05-2024,Kim Klein,1.5
EMP0227,Jimmy Morrison,Female,Sales,Assistant,San Francisco,09-04-2021,57108,4,90.09,50,1,09-03-2025,George Martin,4.1
EMP0228,Stanley Hurst,Male,Sales,Manager,Chicago,07-02-2016,89509,5,86.98,53,2,07-11-2024,Seth Anderson,9.3
EMP0236,Michael Craig,Female,Sales,Assistant,Chicago,13-01-2020,103492,5,79.03,73,0,14-09-2024,Tommy Mills,5.4
EMP0239,Steven Ruiz,Female,Sales,Senior Manager,Boston,29-05-2015,84428,5,78.17,62,3,26-10-2024,Chelsea King,10
EMP0256,Jason Warren,Female,Sales,Associate,Chicago,24-09-2015,81358,4,92.68,64,0,15-03-2025,Jeffrey Morales,9.7
EMP0281,Kathy Martin,Female,Sales,Executive,New York,08-12-2021,103841,4,94.63,68,2,04-11-2024,Dale Wright PhD,3.5
EMP0282,Margaret Evans,Male,Sales,Associate,Boston,08-02-2018,112321,4,93.35,42,1,03-10-2024,William Holt,7.3
EMP0291,Jennifer Underwood,Male,Sales,Associate,New York,16-03-2018,54212,5,91.31,106,1,10-04-2025,Joshua Williams,7.2
EMP0293,David Young,Male,Sales,Analyst,Los Angeles,25-07-2019,88396,5,79.44,56,2,19-07-2024,Charles Bauer,5.8
EMP0294,Ryan Mills,Male,Sales,Manager,San Francisco,29-09-2016,89977,4,97.29,15,3,11-10-2024,Kelly Gutierrez,8.7
EMP0296,Rebecca Campbell,Male,Sales,Analyst,Boston,08-09-2016,70937,4,96.68,34,2,28-08-2024,Mackenzie Olsen,8.7
EMP0305,Molly Jackson,Female,Sales,Analyst,San Francisco,10-02-2017,91794,5,81.31,113,1,27-08-2024,Tyler Castillo,8.3
EMP0318,James Gonzalez,Female,Sales,Analyst,Boston,21-10-2018,64255,5,99.59,65,2,30-01-2025,Amy Henderson,6.6
EMP0319,Dave Robles,Female,Sales,Manager,New York,14-02-2021,113119,4,79.52,36,1,26-11-2024,Kelly Good,4.3
EMP0325,Robert Mcbride,Male,Sales,Analyst,New York,22-05-2024,110078,5,83.69,113,1,11-03-2025,Jackie Stevens,1
EMP0327,Christine Miller,Female,Sales,Assistant,San Francisco,02-09-2015,70388,4,98.25,89,1,19-05-2025,Michelle Marshall,9.7
EMP0332,Kristi Baker,Female,Sales,Associate,Boston,14-05-2016,119796,4,90.94,58,1,14-01-2025,Gabrielle Jenkins,9
EMP0333,Antonio Norman,Male,Sales,Executive,San Francisco,07-07-2019,119003,5,94.45,22,1,16-12-2024,Molly Ramirez,5.9
EMP0338,Joseph Cooper,Male,Sales,Associate,San Francisco,25-07-2019,70113,4,77.08,55,3,07-02-2025,Justin Smith MD,5.8
EMP0340,Amanda Davidson,Male,Sales,Executive,New York,29-10-2017,77961,5,93.73,110,1,23-11-2024,Sara Ewing,7.6
EMP0348,Dylan Chambers,Female,Sales,Analyst,Chicago,18-01-2020,112816,5,88.51,91,1,10-09-2024,Nancy Oneal,5.4
EMP0355,Christopher Vega,Male,Sales,Senior Manager,New York,16-12-2018,119611,4,94.8,11,3,26-08-2024,Diane Cox,6.4
EMP0363,Charles Freeman,Male,Sales,Senior Manager,San Francisco,12-07-2020,93349,4,79.12,87,0,02-03-2025,Katherine Oneal,4.9
EMP0365,Michael Stanley,Female,Sales,Associate,Chicago,01-03-2018,50637,4,90.7,27,1,27-09-2024,Lisa Hernandez,7.2
EMP0369,Madison Mullins,Male,Sales,Manager,Chicago,25-08-2019,64098,4,91.43,61,1,21-04-2025,Andrea Ramirez DDS,5.8
EMP0373,Karen Palmer,Female,Sales,Executive,Boston,05-11-2020,83659,4,97.23,11,1,29-05-2024,Joanne Terry,4.6
EMP0376,Natasha Johnson,Male,Sales,Executive,New York,15-08-2015,107203,4,78.29,92,0,28-11-2024,Dale Clark,9.8
EMP0382,Paul Flowers,Female,Sales,Analyst,New York,18-02-2021,88690,5,81.99,58,0,04-07-2024,Zachary Fisher,4.3
EMP0383,Jamie Walters,Male,Sales,Manager,San Francisco,31-10-2020,61829,5,76.98,36,2,27-03-2025,Christian Holmes,4.6
EMP0385,Matthew Wolfe,Female,Sales,Executive,Boston,23-01-2021,56789,4,79.12,17,1,02-03-2025,Brandon Newton,4.3
EMP0386,John Hernandez,Male,Sales,Senior Manager,New York,06-07-2017,100909,4,90.19,25,3,30-04-2025,Tyler King,7.9
EMP0395,Clayton Todd,Female,Sales,Manager,Chicago,22-01-2017,60092,5,99.68,94,1,15-06-2024,Susan Harmon,8.3
EMP0410,Amanda Winters,Male,Sales,Senior Manager,Los Angeles,19-06-2021,70156,5,79.11,33,2,14-01-2025,Adam Wilkerson,3.9
EMP0412,Lisa Brown,Female,Sales,Analyst,Boston,03-07-2018,99316,4,84.36,32,0,21-06-2024,Willie Brady,6.9
EMP0415,Manuel Murphy,Female,Sales,Senior Manager,Chicago,20-07-2015,91965,5,77.31,88,2,01-08-2024,Eddie Campbell,9.9
EMP0420,Mary Joyce,Female,Sales,Manager,New York,26-05-2020,79698,4,99.29,80,3,02-01-2025,Dennis Jones,5
EMP0429,Thomas Campbell,Male,Sales,Senior Manager,San Francisco,23-10-2017,76799,5,93.07,80,0,20-02-2025,Tracey Gentry MD,7.6
EMP0439,Crystal Leach,Female,Sales,Associate,Boston,25-03-2021,86020,4,93.75,83,3,20-05-2025,Hannah Greer,4.2
EMP0441,Lonnie Morrison,Female,Sales,Executive,Los Angeles,16-02-2017,62541,5,82.29,77,3,25-08-2024,Matthew Mathews,8.3
EMP0465,Charles Lopez,Male,Sales,Manager,New York,05-02-2018,76115,4,75.47,38,0,02-12-2024,Chris Ayala,7.3
EMP0468,David Johnson,Female,Sales,Associate,Los Angeles,03-10-2015,65973,5,75.23,18,2,09-08-2024,Jennifer Hodges,9.6
EMP0471,Shane Fuller,Female,Sales,Associate,Los Angeles,03-07-2023,42119,5,91.82,71,1,22-05-2025,Rebecca Hernandez,1.9
EMP0477,Shannon Clark,Female,Sales,Associate,Los Angeles,01-02-2020,118519,5,75.74,107,2,04-01-2025,Ashley Chandler,5.3
EMP0480,Alexander Herman,Male,Sales,Manager,San Francisco,11-01-2016,64364,4,84.21,51,2,19-04-2025,John Moody,9.4
EMP0481,Latoya Murray,Female,Sales,Analyst,Boston,20-12-2016,50063,5,97.73,80,2,25-02-2025,Joshua Valdez,8.4
EMP0488,Lance Bailey,Male,Sales,Assistant,San Francisco,19-08-2018,99906,5,99.82,98,2,13-01-2025,Nicole Marquez,6.8
EMP0489,Lisa Smith,Male,Sales,Manager,San Francisco,31-12-2023,70198,5,95.93,110,3,05-02-2025,Andre Hall,1.4
EMP0498,Ricky Murphy,Female,Sales,Associate,Chicago,19-08-2015,110723,4,98.39,90,1,05-07-2024,Daniel Williams,9.8
